{
	"Name": "Ice Station (Night)",
	"Description": "An icy Helix communications center in a new timeframe",
	"Allegiance": "helix",
	"MapSize": [ 416, 160, 800 ],

	"CustomSkyboxColour": true,
    "HorizonColour": [
        20, 25, 35
    ],
    "TopColour": [
        0, 20, 24
    ],
	"CrepuscularThresholdOverride": 1.26,
	"Brightness": 0.25,
	"BlockBrightness": 1,
	
	"WaterLevel": 30.3,
	"WaterColour": [ 27, 70, 100 ],
	"FogColour": [ 71, 172, 148 ],
	"SunColour": [ 76, 96, 84 ],
	"SunDiffuseStrength": 0.000,
	"SunRotation": [ 0.75, 2.49 ],
	
	"UnderwaterSound": "underwatercold",

	"HasFallingSnow": true,
	"SnowIndex": 19,
	"FallingSnowColour": [ 150, 150, 150, 0],
	
	"InvincibleMin": [-1, 0, -1],

	"MinimapBrightness": 0.5,
	"MinimapBackgroundColour": [ 153, 204, 255 ],
	"HeightmapTop": 66,
	"HeightmapBottom": 12,
	"MinCutoffHeight": 36.5,
	
	"ControlShiftSpawnOverrideMin": [ 0, -1, -1],
	"ControlShiftSpawnOverrideMax": [ 480, -1, -1],
  
	"AmbienceSound":
	[
		{
			"Type": "ice",
			"Steps":
			[
				{
					"Altitude": 0,
					"Volume": 0.33
				}
			]
		}
	],
	
    "Reverb":
    {
		"MaxRoomSize": 36000,
        "MinIndoor": "factory_smallroom",
        "MaxIndoor": "dome_saintpauls"
    },

	"TeamSpawns":
	[
		{
			"GameMode": "brk",
			"Type": "box",
			"Team": 0,
			"Min": [ 0, 0, 54 ],
			"Max": [ 416, 94, 94 ]
		},
		{
			"GameMode": "brk",
			"Type": "box",
			"Team": 1,
			"Min": [ 0, 0, 743 ],
			"Max": [ 416, 94, 783 ]
		}
	],

	"LinearZones": 
	[
		{
			"Type": "box",
			"Min": [ 78, 28, 153 ],
			"Max": [ 240, 94, 203 ]
		},
		{
			"Type": "box",
			"Min": [ 113, 28, 257 ],
			"Max": [ 317, 94, 317 ]
		},
		{
			"Type": "box",
			"Min": [ 128, 27, 383 ],
			"Max": [ 340, 107, 451 ]
		},
		{
			"Type": "box",
			"Min": [ 113, 28, 519 ],
			"Max": [ 317, 94, 580 ]
		},
		{
			"Type": "box",
			"Min": [ 148, 28, 634 ],
			"Max": [ 310, 94, 684 ]
		}
	],

	"BlockTexturesV2":
	[
		{
			"Note": "glass",
			"Index": 9,
			"Attributes": "transparent conductor",
			"RGB": [ 153, 204, 255 ]
		},
		{
			"Name": "ice",
			"Index": 10,
			"Attributes": "floating ice",
			"HSL": [0, 0, 0.18]
		},
		{
			"Name": "ice",
			"Index": 11,
			"Attributes": "ice",
			"HSL": [0, 0, 0.3]
		},
		{
			"Index": 12,
			"Name": "girder",
			"Size": 3,
			"HSL": [0, 0, 0.25],
			"RushIndex": true
		},
		{
			"Index": 18,
			"Name": "concrete",
			"HSL": [0.57, 0.07, -0.23]
		},
		{
			"Index": 19,
			"Name": "snow",
			"HSL": [0, 0, -0.15]
		},
		{
			"Index": 20,
			"Name": "rockcolour",
			"HSL": [0.01, 0, -0.1]
		},
		{
			"Index": 21,
			"Name": "pipelight"
		},
		{
			"Index": 22,
			"Name": "hazard"
		},
		{
			"Index": 23,
			"Name": "cable"
		},
		{
			"Index": 24,
			"Name": "doorfuture"
		},
		{
			"Index": 25,
			"Name": "panel"
		},
		{
			"Index": 26,
			"Name": "canister",
			"Armour": 2
		},
		{
			"Index": 27,
			"Name": "girder",
			"Armour": 2
		},
		{
			"Index": 28,
			"Name": "panel",
			"HSL": [0, 0, -0.2]
		},
		{
			"Note": "green",
			"Index": 29,
			"RGB": [0, 255, 0],
			"Bloom": 1
		},
		{
			"Note": "redish",
			"Index": 30,
			"HSL": [0.015, 1, 1],
			"Bloom": 1
		},
		{
			"Note": "cream light",
			"Index": 31,
			"Attributes": "light-flicker-0.6",
			"Bloom": 1,
			"HSL": [0.07, 0.6, 0.85]
		},
		{
			"Note": "cream",
			"Index": 32,
			"Bloom": 1,
			"HSL": [0.07, 0.6, 0.85]
		},
		{
			"Note": "soltrium",
			"Index": 33,
			"RGB": [0, 178, 244],
			"Bloom": 1
		},
		{
			"Note": "soltrium light",
			"Index": 34,
			"RGB": [0, 178, 244],
			"Attributes": "light-on-0.3",
			"Bloom": 1
		},
		{
			"Index": 35,
			"Name": "tree"
		},
		{
			"Index": 36,
			"Name": "leaffat"
		}
	],

	"RushStages":
	[
		{
			"Areas":
			[
				{
					"Name": "Left",
					"Positions":
					[
						[ 149, 44, 173 ]
					]
				},
				{
					"Name": "Middle",
					"Positions":
					[
						[ 261, 71, 192 ],
						[ 313, 59, 192 ]
					]
				},
				{
					"Name": "Right",
					"Positions":
					[
						[ 390, 61, 125 ]
					]
				}
			],
			"SpawnReference": [ 208, 0 ]
		},
		{
			"Areas":
			[
				{
					"Name": "Left",
					"Positions":
					[
						[ 154, 47, 414 ]
					]
				},
				{
					"Name": "Middle",
					"Positions":
					[
						[ 178, 33, 416 ],
						[ 174, 42, 417 ]
					]
				},
				{
					"Name": "Right",
					"Positions":
					[
						[ 207, 33, 369 ],
						[ 222, 31, 417 ]
					]
				}
			],
			"SpawnReference": [ 208, 0 ]
		},
		{
			"Areas":
			[
				{
					"Name": "Left",
					"Positions":
					[
						[ 246, 62, 408 ],
						[ 249, 47, 417 ],
						[ 255, 87, 444 ],
						[ 258, 92, 398 ]
					]
				},
				{
					"Name": "Middle",
					"Positions":
					[
						[ 296, 47, 417 ]
					]
				},
				{
					"Name": "Right",
					"Positions":
					[
						[ 326, 47, 417 ],
						[ 373, 61, 443 ]
					]
				}
			],
			"SpawnReference": [ 208, 0 ]
		},
		{
			"Areas":
			[
				{
					"Name": "Left",
					"Positions":
					[
						[ 112, 34, 561 ],
						[ 128, 35, 572 ],
						[ 127, 35, 552 ]
					]
				},
				{
					"Name": "Middle",
					"Positions":
					[
						[ 172, 34, 561 ],
						[ 177, 34, 604 ]
					]
				},
				{
					"Name": "Right",
					"Positions":
					[
						[ 215, 45, 594 ]
					]
				}
			],
			"SpawnReference": [ 208, 0 ]
		}
	],

	"Particles": [
		{ "Name": "Moon/star",
			"Type": "soltrium",

			"Amount": 1,
			"Interval": 1000,

			"Positions": [
				[ -300, 600, 70] 
			],

			"OffsetType": "sphere",
			"Offset": [ 10, 10, 10],

			"Clumped": false,

			"Velocity": [0, 0, 0],
			"Deviation": [0,0,0],

			"Colour": [100, 220, 210, 200],

			"Lifetime": {
				"Min": 500,
				"Max": 1000
			},

			"Decay": {
				"Min": 1,
				"Max": 1
			},

			"Scale": 25
		},
		{ "Name": "Star dome (white)",
			"Type": "soltrium",

			"Amount": 2,
			"Interval": 250,

			"Positions": [
				[ 208, 80, 400] 
			],

			"OffsetType": "sphere",
			"Offset": [ 800.0, 800.0, 800.0],

			"Clumped": false,

			"Velocity": [0, 0, 0],
			"Deviation": [0, 0, 0],

			"Colour": [255, 255, 255, 255],

			"Decay": {
				"Min": 0.998,
				"Max": 0.998
			},

			"Scale": 2.75
		},
		{ "Name": "Star dome (blue)",
			"Type": "soltrium",

			"Amount": 2,
			"Interval": 1000,

			"Positions": [
				[ 208, 80, 400] 
			],

			"OffsetType": "sphere",
			"Offset": [ 800.0, 800.0, 800.0],

			"Clumped": false,

			"Velocity": [0, 0, 0],
			"Deviation": [0, 0, 0],

			"Colour": [100, 100, 255, 255],

			"Decay": {
				"Min": 0.998,
				"Max": 0.998
			},

			"Scale": 2.25
		},
		{ "Name": "Star dome (yellow)",
			"Type": "soltrium",

			"Amount": 2,
			"Interval": 1500,

			"Positions": [
				[ 208, 80, 400] 
			],

			"OffsetType": "sphere",
			"Offset": [ 800.0, 800.0, 800.0],

			"Clumped": false,

			"Velocity": [0, 0, 0],
			"Deviation": [0, 0, 0],

			"Colour": [255, 100, 50, 255],

			"Decay": {
				"Min": 0.998,
				"Max": 0.998
			},

			"Scale": 2.5
		},
		{ "Name": "Star dome (red)",
			"Type": "soltrium",

			"Amount": 2,
			"Interval": 2500,

			"Positions": [
				[ 208, 80, 400] 
			],

			"OffsetType": "sphere",
			"Offset": [ 800.0, 800.0, 800.0],

			"Clumped": true,

			"Velocity": [0, 0, 0],
			"Deviation": [0, 0, 0],

			"Colour": [200, 10, 5, 200],

			"Decay": {
				"Min": 0.998,
				"Max": 0.998
			},

			"Scale": 3
		},
		{ "Name": "Soltrium stars 1",
			"Type": "soltrium",

			"Amount": 1,
			"Interval": 1000,

			"Positions": [
				[ -350, 500, 300] 
			],

			"OffsetType": "sphere",
			"Offset": [ 75.0, 150.0, 400.0],

			"Clumped": false,

			"Velocity": [0, 0, 0],
			"Deviation": [0, 0, 0],

			"Colour": [60, 180, 192, 155],

			"Decay": {
				"Min": 0.999,
				"Max": 0.999
			},

			"Scale": 1.5
		},
		{ "Name": "Soltrium stars 2",
			"Type": "soltrium",

			"Amount": 1,
			"Interval": 1000,

			"Positions": [
				[ 766, 200, 650] 
			],

			"OffsetType": "sphere",
			"Offset": [ 75.0, 150.0, 400.0],

			"Clumped": false,

			"Velocity": [0, 0, 0],
			"Deviation": [0, 0, 0],

			"Colour": [60, 180, 192, 155],

			"Decay": {
				"Min": 0.999,
				"Max": 0.999
			},

			"Scale": 1.5
		},
		{ "Name": "Magma chamber",
			"Type": "soltrium",

			"Amount": 2,
			"Interval": 1000,

			"Positions": [
				[ -300, 150, 1000] 
			],

			"OffsetType": "sphere",
			"Offset": [ 1, 1, 1],

			"Clumped": false,

			"Velocity": [0, 0, 0],
			"Deviation": [0, 0, 0],

			"Colour": [50, 50, 255, 255],

			"Decay": {
				"Min": 0.998,
				"Max": 0.998
			},

			"Scale": 3
		},
		{
			"Name": "Aurora (unused)",
			"Type": "soltrium",

			"Amount": 0,
			"Interval": 18,

			"Positions": [
				[ -140, 438, 200],
				[ -141, 440, 205],
				[ -142, 441, 210],
				[ -143, 440, 215],
				[ -144, 443, 220],
				[ -145, 448, 225],
				[ -146, 447, 230],
				[ -147, 443, 235],
				[ -148, 445, 240],
				[ -151, 445, 245],
				[ -154, 447, 250],
				[ -156, 450, 255],
				[ -157, 453, 260],
				[ -158, 455, 265],
				[ -159, 456, 270],
				[ -160, 455, 275],
				[ -161, 454, 280],
				[ -161, 452, 285],
				[ -162, 450, 290],
				[ -163, 444, 295],
				[ -168, 444, 297],
				[ -170, 443, 299],
				[ -172, 442, 301],
				[ -175, 441, 303],
				[ -178, 440, 305],
				[ -180, 439, 307],
				[ -181, 438, 310],
				[ -182, 437, 313],
				[ -183, 436, 316],
				[ -184, 435, 319],
				[ -185, 434, 322],
				[ -186, 433, 325],
				[ -187, 432, 328],
				[ -187, 432, 334],
				[ -186, 430, 340],
				[ -186, 428, 346],
				[ -185, 424, 352],
				[ -184, 418, 358],
				[ -182, 414, 364],
				[ -181, 410, 370],


				[   0, 483, -250],
				[  -3, 487, -245],
				[ -6, 490, -240],
				[ -9, 495, -235],
				[ -12, 500, -230],
				[ -15, 500, -225],
				[ -18, 495, -220],
				[ -21, 495, -215],
				[ -24, 495, -210],
				[ -27, 495, -205],
				[ -30, 495, -200],
				[ -33, 495, -195],
				[ -36, 495, -190]
			],

			"OffsetType": "box",
			"Offset": [ 0.0, 12, 2.5],

			"Clumped": false,

			"Velocity": [0, 0, 0],
			"Deviation": [0.0001, 0.0002, 0.0001],

			"Colour": [30, 120, 96, 255],

			"Decay": {
				"Min": 0.97,
				"Max": 0.99
			},

			"Scale": 1
		},
		{
			"Name": "Aurora (unused)",
			"Type": "decay-red",

			"Amount": 10,
			"Interval": 100,

			"Positions": [
				[ 178, 49, 413 ]
			],

			"OffsetType": "box",
			"Offset": [ 1, 1, 1 ],

			"Clumped": false,

			"Velocity": [0, 0, 0],
			"Deviation": [0.001, 0.001, 0.001],

			"Colour": [30, 120, 96, 255],

			"Decay": {
				"Min": 0.97,
				"Max": 0.99
			},

			"Scale": 0.02
		}
	]
}