{
	"Name": "Soltec Warehouse",
	"Allegiance": "soltec",
	"Description": "Renovated warehouse for temporary Soltrium storage while on it's way to the reactor\nCreated by: RainlessSky",
	"MapSize": [ 96, 256, 160 ],

	"FogColour": [ 212, 166, 123 ],

	"SkyboxType": "rw",
	"SkyboxVerticalOffset": 0.03,

	"SunColour": [ 210, 140, 80 ],
	"SunRotation": [ 0.8, -0.54 ],

	"Reverb":
    	{
        	"MinIndoor": "city_streets",
        	"MaxIndoor": "psychotic"
    	},
	"AmbienceSound":
	[
		{
			"Type": "wind",
			"Steps":
			[
				{
					"Altitude": 10,
					"Volume": 0.6
				}
			]
		}
	],

	"HeightmapTop": 57,
	"HeightmapBottom": 0,
	"MinimapBrightness": 4,
	"MinimapAltitudeCutOff": 128,

	"LinearZones": [
		{
			"Type": "box",
			"Min": [ 37, 19, 43 ],
			"Max": [ 82, 36, 106 ]
		},
		{
			"Type": "box",
			"Min": [ 37, 21, 43 ],
			"Max": [ 82, 36, 106 ]
		}
	],
	"RushStages": [
    {
        "Areas": [
			{
                "Name": "Soltrium canister holding bay",
                "Positions":
                [
                    [ 71, 21, 55 ]
                ]
            }
        ],
        "SpawnReference": [ 0, 96 ]
    },
	{	
		"Areas": [
        {
            "Name": "Supercharged Soltrium canister shelf",
            "Positions": [
                [ 53, 21, 70 ]
            ]
        }
	],
	"SpawnReference": [ 0, 96 ]
	}
	],
	"TeamSpawns": [
		{
			"GameMode": "sta",
			"Type": "box",
			"Team": 0,
			"Min": [ 0, 0, 0 ],
			"Max": [ 96, 64, 18]
		},
		{
			"GameMode": "sta",
			"Type": "box",
			"Team": 1,
			"Min": [ 0, 0, 142 ],
			"Max": [ 96, 64, 160 ]
		},

		{
			"GameMode": "brk",
			"Type": "box",
			"Team": 0,
			"Min": [ 0, 0, 0 ],
			"Max": [ 96, 64, 18]
		},
		{
			"GameMode": "brk",
			"Type": "box",
			"Team": 1,
			"Min": [ 0, 0, 142 ],
			"Max": [ 96, 64, 160 ]
		}
	],

"BlockTexturesV2":
	[
		{
			"Note": "CLIPPING",
			"Index": 248,
			"Name": "flat",
			"Damage": 1024,
			"Attributes": "transparent invincible"
		},
		{
			"Note": "INVINCIBLE WORLD BASE",
			"Index": 241,
			"Name": "concrete",
			"Size": 2,
			"HSL": [ 0, 0, -0.4 ],
			"Attributes": "invincible"
		},
		{
			"Note": "WORLD BASE",
			"Index": 242,
			"Name": "concretecolour",
			"Size": 2,
			"Health": 250
		},
		{
			"Note": "GLASS",
			"Index": 243,
			"Name": "flat",
			"Size": 1,
			"RGB": [ 133, 184, 235 ],
			"Attributes": "transparent conductor"
		},

		{
			"Index": 225,
			"Name": "grass",
			"Size": 2,
			"HSL": [ -0.09, -0.3, 0 ],
			"Attributes": "invincible"
		},
		{
			"Index": 226,
			"Name": "tree",
			"Size": 1,
			"HSL": [-0.06, -0.3, 0],
			"Attributes": "invincible"
		},


		{
			"Note": "STREET BASE",
			"Index": 217,
			"Name": "concretecolour",
			"Size": 2,
			"HSL": [ 0.12, -0.95 ,-0.15 ],
			"Health": 255
		},
		{
			"Note": "ROAD",
			"Index": 218,
			"Name": "concrete",
			"Size": 2,
			"HSL": [ 0.12, 0, -0.63 ],
			"Attributes": "invincible"
		},
		{
			"Note": "ROAD MARKING",
			"Index": 219,
			"Name": "concrete",
			"Size": 2,
			"HSL": [ 0.15, 0.45, -0.35 ],
			"Attributes": "invincible"
		},
		{
			"Note": "PARKING SPACE MARKING",
			"Index": 220,
			"Name": "concrete",
			"Size": 20,
			"HSL": [ 0, 0, -0.2 ],
			"Attributes": "invincible"
		},


		{
			"Note": "EXTERIOR DUMPSTER",
			"Index": 177,
			"Name": "train",
			"Size": 6,
			"HSL": [ 0.2, 0, 0 ],
			"TopDirection": "right",
			"Armour": 3
		},
		{
			"Note": "DUMPSTER LID",
			"Index": 178,
			"Name": "girderclassic",
			"Size": 5,
			"Armour": 3
		},
		{
			"Note": "WASTE",
			"Index": 179,
			"Name": "treemoss",
			"Size": 3,
			"HSL": [ 0, 0, -0.08 ]
		},


		{
			"Note": "EXTERIOR GARAGE DOOR RAILING",
			"Index": 169,
			"Name": "girder",
			"Size": 1,
			"HSL": [ 0, 0, 0 ],
			"Health": 32,
			"Armour": 4
		},
		{
			"Note": "EXTERIOR GARAGE DOOR",
			"Index": 170,
			"Name": "train",
			"Size": 6,
			"HSL": [ 0.08, 0.3, 0.05 ],
			"Offset": [0, 2, 0 ],
			"Health": 32,
			"Armour": 4
		},


		{
			"Note": "SOLTRICOZ SIGN",
			"Index": 201,
			"Name": "cratesoltec",
			"Size": 47,
			"Offset": [ 23, 12, 0 ],
			"HSL": [ 0.45, 0.6, 0.4 ],
			"Health": 50,
			"Bloom": 0.2,
			"Attributes": "conductor"
		},
		{
			"Note": "SOLTRICOZ SIGN BORDER",
			"Index": 203,
			"Name": "train",
			"Size": 6,
			"HSL": [ -0.04, -1, -0.01 ],
			"Offset": [0, 1, 0],
			"Health": 32,
			"Armour": 4
		},


		{
			"Note": "EXTERIOR WAREHOUSE WALLS",
			"Index": 209,
			"Name": "bricksmall",
			"Size": 3,
			"HSL": [ 0.93, 0.2, 0.05 ],
			"Armour": 2,
			"Health": 24
		},
		{
			"Note": "ROOF AND MISC",
			"Index": 210,
			"Name": "girderclassic",
			"Size": 4,
			"Health": 64,
			"Armour": 4,
			"HSL": [ 0.0, 0.05, 0.0 ]
		},
		{
			"Note": "INTERIOR HAZARD YELLOW",
			"Index": 151,
			"Name": "hazard",
			"Size": 4,
			"HSL": [ 0, -0.3, -0.06 ],
			"Health": 48,
			"Armour": 4
		},
		{
			"Note": "INTERIOR HAZARD ORANGE",
			"Index": 152,
			"Name": "hazard",
			"Size": 4,
			"HSL": [ -0.09, -0.2, -0.07 ],
			"Health": 24,
			"Armour": 6
		},
		{
			"Note": "INTERIOR HAZARD RED",
			"Index": 150,
			"Name": "hazard",
			"Size": 4,
			"HSL": [ -0.12, -0.1, -0.1 ],
			"Health": 100,
			"Armour": 4
		},
		{
			"Note": "INTERIOR FLOORCLASSIC",
			"Index": 121,
			"Name": "floorclassic",
			"Size": 4,
			"Health": 50
		},	


		{
			"Note": "RED DOOR LIGHT",
			"Index": 193,
			"Name": "flat",
			"Bloom": 0.28,
			"HSL": [0.015, 1, 0.48]
		},
		{
			"Note": "YELLOW LIGHT",
			"Index": 194,
			"Name": "flat",
			"Bloom": 0.28,
			"RGB": [ 234, 216, 136 ],
			"Attributes": "light-fade-0.01"
		},
		{
			"Note": "YELLOW LIGHT FAKE",
			"Index": 195,
			"Name": "flat",
			"Bloom": 0.28,
			"RGB": [ 234, 216, 136 ]
		},
		{
			"Note": "RW LASER",
			"Index": 185,
			"HSL": [0.45, 0.4, 0.8],
			"Bloom": 1,
			"Damage": 1,
			"Attributes": "conductor light-fade-0.1"
		},
		{
			"Note": "RW LASER FAKE",
			"Index": 186,
			"HSL": [0.45, 0.4, 0.8],
			"Bloom": 1,
			"Damage": 1,
			"Attributes": "conductor"
		},


		{
			"Note": "SOLTRIUM LIGHT",
			"Index": 233,
			"Name": "flat",
			"Bloom": 1,
			"HSL": [0.5444, 1, 0.48],
			"ExplosionRadius": 7,
			"Attributes": "explosive light-fade"
		},
		{
			"Note": "SOLTRIUM",
			"Index": 238,
			"Name": "flat",
			"Bloom": 1,
			"HSL": [0.5444, 1, 0.48],
			"ExplosionRadius": 7,
			"Attributes": "explosive"
		},
		{
			"Note": "SOLTRIUM LOW-DENSITY",
			"Index": 234,
			"Name": "flat",
			"Bloom": 0.7,
			"HSL": [0.46, 1, 0.48],
			"ExplosionRadius": 3,
			"Attributes": "explosive"
		},
		{
			"Note": "SOLTRIUM SUPERCHARGED",
			"Index": 235,
			"Name": "flat",
			"Bloom": 1,
			"HSL": [0.68, 1, 0.48],
			"ExplosionRadius": 14,
			"Attributes": "explosive light-fade"
		},

		{
			"Note": "SOLTRIUM CABLE",
			"Index": 239,
			"Name": "cable",
			"Size": 2,
			"Bloom": 0.02,
			"Health": 0,
			"HSL": [ -0.03, 0.1, 0],
			"Attributes": "conductor light-on-0.0001"
		},
		{
			"Note": "SOLTRIUM CAN",
			"Index": 240,
			"Name": "canister",
			"Size": 4,
			"Health": 100
		},
		{
			"Note": "SOLTRIUM LIGHTCAN",
			"Index": 236,
			"Name": "panel",
			"Size": 8,
			"Health": 50,
			"Offset": [ 0, 3, 0]
		},
		{
			"Note": "SOLTRIUM DARKCAN",
			"Index": 237,
			"Name": "panelagaman",
			"Size": 4,
			"Health": 50,
			"Offset": [ 0, 0, 0]
		},


		{
			"Note": "VEHICLES WHEEL",
			"Index": 129,
			"Name": "cloth",
			"Size": 2,
			"HSL": [ 0, -1, -0.2 ],
			"Attributes": "invincible"
		},
		{
			"Note": "VEHICLES BED",
			"Index": 131,
			"Name": "girder",
			"Size": 5,
			"Attributes": "invincible"
		},

		{
			"Note": "VEHICLES WHITE PAINT",
			"Index": 137,
			"Name": "polished",
			"Size": 3,
			"HSL": [ 0, 0, 0.5 ],
			"Attributes": "invincible"
		},
		{
			"Note": "VEHICLES RED PAINT",
			"Index": 138,
			"Name": "polishedcolour",
			"Size": 1,
			"HSL": [ 0.01, 0.2, 0.1 ],
			"Attributes": "invincible"
		},
		{
			"Note": "VEHICLES ORANGE PAINT",
			"Index": 139,
			"Name": "polishedcolour",
			"Size": 1,
			"HSL": [ 0.05, 0.2, 0.2 ],
			"Attributes": "invincible"
		},


		{
			"Note": "CRATES 2X2",
			"Index": 161,
			"Name": "cratesoltec",
			"Size": 2,
			"Health": 10,
			"Offset": [0, 1, 1]
		},
		{
			"Note": "CRATES 3X3",
			"Index": 162,
			"Name": "cratesoltec",
			"Size": 3,
			"Health": 10,
			"Offset": [2, 0, 2]
		},
		{
			"Note": "CRATES 5X5",
			"Index": 163,
			"Name": "crateyellow",
			"Size": 5,
			"Health": 15,
			"Offset": [2, 4, 5]
		},
		{
			"Note": "CRATES 2X2 O",
			"Index": 153,
			"Name": "cratesoltec",
			"Size": 2,
			"Health": 10,
			"Offset": [1, 0, 0]
		},
		{
			"Note": "CRATES 3X3 O",
			"Index": 154,
			"Name": "cratesoltec",
			"Size": 3,
			"Health": 15,
			"Offset": [2, 0, 1]
		},
		{
			"Note": "CRATES 2X2 S",
			"Index": 156,
			"Name": "cratesoltec",
			"Size": 2,
			"Health": 10,
			"Offset": [1, 0, 1]
		},
		{
			"Note": "CRATES 3X3 S",
			"Index": 157,
			"Name": "cratesoltec",
			"Size": 3,
			"Health": 15,
			"Offset": [1, 1, 0]
		},
		{
			"Note": "CRATES 2X2 S2",
			"Index": 159,
			"Name": "cratesoltec",
			"Size": 2,
			"Health": 15
		},


		{
			"Note": "INTERIOR BASE",
			"Index": 146,
			"Name": "roof",
			"Size": 3,
			"Health": 250
		},
		{
			"Note": "INTERIOR FLOOR",
			"Index": 145,
			"Name": "polished",
			"Size": 2,
			"HSL": [ 0, 0, -0.07 ],
			"Health": 250
		}
	]
}