{
    "Name": "Corahk Fake Christmas Tree Research, Development, and Manufacturing Division",
    "Description": "Merry Christmas from Corahk!\nCreated by: RainlessSky",
    "Allegiance": "corahk",
    "MapSize": [ 128, 128, 128 ],

    "Brightness": 0.9,

    "SkyboxType": "IS",
	"SkyboxRotation": [ 0, 0.7 ],
	
	"WaterColour": [ 67, 110, 130 ],

	"FogColour": [ 71, 172, 148 ],

	"SunColour": [ 102, 141, 118 ],
	"SunRotation": [ 0.75, 2.4915926535897932 ],
    "CrepuscularThresholdOverride": 1.9,

    "MinimapBrightness": 6,

    "AmbienceSound":
	[
		{
			"Type": "ice",
			"Steps":
			[
				{
					"Altitude": 0,
					"Volume": 1
				}
			]
		}
	],
	"UnderwaterSound": "underwatercold",

	"InvincibleMin": [-1, 0, -1],

    "HasFallingSnow": true,
	"FallingSnowColour": [ 255, 255, 255, 10],

    "MaxSpawnHeight": 10,
    "TeamSpawns": [
        {
            "GameMode": "all",
            "Type": "free",
            "Team": 0,
            "Radius": 20
	    },
        {
            "GameMode": "all",
            "Type": "free",
            "Team": 1,
            "Radius": 20
	    },
        {
            "GameMode": "sta",
            "Type": "box",
            "Team": 0,
            "Min": [ 47, 0, 0 ],
            "Max": [ 81, 10, 8 ]
	    },
        {
            "GameMode": "sta",
            "Type": "box",
            "Team": 1,
            "Min": [ 47, 0, 120 ],
            "Max": [ 81, 10, 128 ]
	    }
    ],

    "BlockTexturesV2": [
        {
            "Note": "",
            "Name": "rock",
		    "Index": 1
	    },
        {
            "Note": "",
            "Name": "snow",
		    "Index": 2
	    },

        {
            "Note": "Walls",
            "Name": "panel",
		    "Index": 9
	    },
        {
            "Note": "Supports",
            "Name": "girder",
		    "Index": 10,
            "Armour": 4
	    },
        {
            "Note": "Manufacturing floor",
            "Name": "polished",
		    "Index": 11
	    },
        {
            "Note": "",
            "Name": "hazard",
		    "Index": 12
	    },
        {
            "Note": "glass",
		    "Index": 13,
            "RGBA": [ 100, 130, 140, 200 ],
            "Attributes": "transparent"
        },

        {
            "Note": "workroom wood",
            "Name": "woodindoor",
		    "Index": 17
	    },
        {
            "Note": "workroom display frame",
            "Name": "doorfuture",
		    "Index": 18,
            "HSL": [ 0, 0, -0.1 ]
	    },
        {
            "Note": "workroom display green irridyne 2x2",
            "Name": "signirridyne",
		    "Index": 19,
            "Size": 2,
            "Bloom": 0.2,
            "Offset": [ 0, 1, 0 ],
            "HSL": [ 0.4, 0, 0.01 ]
	    },
        {
            "Note": "workroom display white",
		    "Index": 20,
            "RGB": [ 200, 200, 200 ],
            "Bloom": 0.2,
            "Attributes": "light-on-0.01"
	    },
        {
            "Note": "workroom display blue human gents",
            "Name": "signhumangents",
		    "Index": 23,
            "Size": 2,
            "Bloom": 0.2,
            "Offset": [ -1, 1, 0 ],
            "HSL": [ 0, 0, 0.01 ]
	    },
        {
            "Note": "workroom display blue human ladies",
            "Name": "signhumanladies",
		    "Index": 24,
            "Size": 2,
            "Bloom": 0.2,
            "Offset": [ -1, 1, 0 ],
            "HSL": [ 0, 0, 0.01 ]
	    },


        {
            "Note": "kitchen countertop",
            "Name": "marbledark",
		    "Index": 25,
            "Size": 2,
            "HSL": [ 0, 0, 0.5 ]
	    },
        {
            "Note": "kitchen oven",
            "Name": "girder",
		    "Index": 26,
            "Size": 2,
            "HSL": [ 0, -1, 0.1 ]
	    },
        {
            "Note": "kitchen counter",
            "Name": "woodoutdoor",
		    "Index": 27,
            "Size": 3,
            "HSL": [ 0, 0, 0 ]
	    },

        {
            "Note": "lights white fake",
		    "Index": 33,
            "RGB": [ 200, 200, 200 ],
            "Bloom": 0.6
	    },
        {
            "Note": "lights white",
		    "Index": 34,
            "RGB": [ 200, 200, 200 ],
            "Bloom": 0.5,
            "Attributes": "light-fade-0.01"
	    },

        {
            "Note": "trees bark",
		    "Index": 41,
            "Name": "tree"
	    },
        {
            "Note": "trees leaves",
		    "Index": 42,
            "Name": "leaffat",
            "HSL": [ 0, -0.3, -0.03 ],
            "Bloom": 0.03
	    },
        {
            "Note": "trees red",
		    "Index": 43,
            "RGB": [ 200, 10, 0 ],
            "Bloom": 0.7
	    },
        {
            "Note": "trees yellow",
		    "Index": 44,
            "RGB": [ 210, 200, 0 ],
            "Bloom": 0.7
	    },
        {
            "Note": "trees green",
		    "Index": 45,
            "RGB": [ 30, 200, 0 ],
            "Bloom": 0.7
	    },
        {
            "Note": "trees blue",
		    "Index": 46,
            "RGB": [ 15, 15, 200 ],
            "Bloom": 0.7
	    },
        {
            "Note": "trees gold",
		    "Index": 47,
            "RGB": [ 255, 187, 0 ],
            "Bloom": 0.1
	    },

        {
            "Note": "presents red",
		    "Index": 49,
            "Name": "ice",
            "Size": 2,
            "HSL": [ -0.55, 0, -0.05 ]
	    },
        {
            "Note": "presents green",
		    "Index": 50,
            "Name": "ice",
            "Size": 2,
            "HSL": [ -0.25, 0, -0.05 ]
	    },
        {
            "Note": "presents blue",
		    "Index": 51,
            "Name": "ice",
            "Size": 2,
            "HSL": [ -0.03, 0, -0.05 ]
	    },
        {
            "Note": "presents purple",
		    "Index": 52,
            "Name": "ice",
            "Size": 2,
            "HSL": [ 0.2, 0, -0.05 ]
	    },
        {
            "Note": "presents orange",
		    "Index": 53,
            "Name": "ice",
            "Size": 2,
            "HSL": [ -0.5, 0, -0.05 ]
	    },

        {
            "Note": "outside trees leaf",
		    "Index": 58,
            "Name": "leaffat"
	    }
    ],

    "Particles": [
    {
        "Name": "Sink water",
        "Type": "physical",
        "Amount": 1,
        "Interval": 2,

        "Positions": [
             [ 75.5, 6, 82.5 ],
             [ 75.5, 6, 83.5 ],
             [ 75.5, 6, 86.5 ],
             [ 75.5, 6, 87.5 ]
        ],

        "Block": [
            [ 75, 5, 82 ],
            [ 75, 5, 83 ],
            [ 75, 5, 86 ],
            [ 75, 5, 87 ]
        ],

        "OffsetType": "box",
        "Offset": [ 0.5, 0.0, 0.5 ],

        "Clumped": false,

        "Velocity": [ 0.0, 0.0, 0.0 ],
        "Deviation": [ 0.002, 0.0, 0.002 ],

        "Colour": [ 100, 110, 130, 1 ],

        "Lifetime": {
            "Min": 1000,
            "Max": 1000
        },

        "Scale": 0.4
    }
]
}