{
	"Name": "F-House",
	"Allegiance": "nova",
	"Description": "Cool map\nCreated by: fredanie\n\ntags: GAMEMODE:FFA, GAMEMODE:TDM, GAMEMODE:STA, GAMEMODE:GG",
	"MapSize": [ 96, 256, 160 ],
	"SkyboxType": "st",
	"HeightmapBottom": 0,

	"TeamSpawns": [
		{
			"GameMode": "sta",
			"Type": "box",
			"Team": 0,
			"Min": [ 0, 0, 0 ],
			"Max": [ 96, 256, 20 ],
			"SearchTopDown": true
		},
		{
			"GameMode": "sta",
			"Type": "box",
			"Team": 1,
			"Min": [ 0, 0, 140 ],
			"Max": [ 96, 256, 160 ],
			"SearchTopDown": true
		},		
		{
			"Team": 0,
			"Type": "free",
			"Radius": 100,
			"SearchTopDown": false
		},
		{
			"Team": 1,
			"Type": "free",
			"Radius": 100,
			"SearchTopDown": false
		}
	],

	"InvincibleMin": [-1, 1, -1],
	"BlockTexturesV2":
	[
		{
			"Index": 10,
			"Name": "mud",
			"Armour": 1
		},
		{
			"Index": 13,
			"Name": "leaffat",
			"Armour": 1
		},
		{
			"Index": 12,
			"Name": "brick",
			"Armour": 2,
			"HSL": [0, 0, 0.1]
		},
		{
			"Index": 14,
			"Name": "concrete",
			"Armour": 2,
			"HSL": [0, 0, 0.1]
		},
		{
			"Index": 20,
			"Name": "metallightagaman",
			"Armour": 2,
			"HSL": [0, 0, 0.1]
		},
		{
			"Index": 21,
			"Name": "woodoutdoor",
			"Armour": 4,
			"HSL": [0, 0, 0.1]
		},
		{
			"Index": 23,
			"Name": "snow",
			"Armour": 4,
			"HSL": [0, 0, 0.1]
		},
		{
			"Index": 24,
			"Name": "polishedcolour",
			"Armour": 4,
			"HSL": [0, 0, 0.1]
		},
		{
			"Index": 22,
			"Name": "crateyellow",
			"Armour": 4,
			"Bloom": 0.1,
			"ExplosionRadius": 3,
			"Attributes": "explosive light-fade"
		},
		{
			"Note": "White light",
			"Index": 15,
			"Name" : "mud",
			"RGB": [255, 255, 255],
			"Bloom": 1
		},
		{
			"Index": 16,
			"Attributes": "transparent conductor",
			"RGB": [ 133, 184, 235 ]
		},
		{
			"Index": 17,
			"Name" : "rock",
			"Armour": 5
		},
		{
			"Index": 18,
			"Name" : "tree",
			"Armour": 4
		},
		{
			"Index": 19,
			"Name" : "marbledark",
			"Armour": 2
		},
		{
			"Index": 11,
			"Name": "grass",
			"Armour": 1
		}
	]
}