{
	"Name": "Soltrium Castle",
	"Allegiance": "terra",
	"Description": "Remake of the Survival Experiment Map (September 8, 2024) by fredanie2005\n\nBased on the Open World 256² by RainlessSky\n\nOriginally created in-game by the Chad Soltrium Eater team (fredanie, RainlessSky, Hiiamataco, and Dexapnow), this map faced a massive assault from the Helix Team led by Nightreaper. This remake captures the Soltrium Eater's Castle in its full glory before its destruction.\n\ntags: GAMEMODE:BRK, GAMEMODE:CS, GAMEMODE:CTF, GAMEMODE:ESC, GAMEMODE:RUSH, GAMEMODE:FFA, GAMEMODE:TDM, GAMEMODE:GG\n\n",
	"MapSize": [ 256, 256, 256 ],

	"CustomSkyboxColour": true,
    "HorizonColour": [
        180,
        220,
        255,
        0
    ],
    "TopColour": [
        70,
        110,
        170,
        0
    ],

	"SunColour": [ 255, 248, 185 ],
	"SunDiffuseStrength": 0.0003,
	"SunDistance": 1,
	"SunRotation": [ 1.15, 2.17 ],
	"CrepuscularThresholdOverride": 0.9,
	"CrepuscularStartHeight": 0.8,

	"RenderDistance": 180,
	"RenderDistanceSpawn": 180,
	"FogColour": [ 160, 180, 216 ],

	"WaterLevel": 9.7,
	"WaterColour": [ 60, 80, 100 ],

	"HeightmapTop": 64,
	"HeightmapBottom": 0,
	"MinimapBrightness": 6	,
	"MinimapAltitudeCutOff": 128,

	"Particles": [
    {
        "Name": "Clouds small",
        "Type": "skid",
        "Amount": 3,
        "Interval": 1000,
        "Positions": [
             [ 40, 400, 40 ]  
        ],
		"Clumped": true,
        "OffsetType": "sphere",
        "Offset": [ 1000.0, 5.0, 1000.0],
        "Velocity": [0.02, 0, 0.02],
        "Deviation": [0.01, 0, 0.01],
        "Colour": [200, 200, 200, 40],
        "Lifetime": {
            "Min": 100000,
            "Max": 200000
        },
        "Scale": 20
    },
	{
        "Name": "Clouds large",
        "Type": "skid",
        "Amount": 1,
        "Interval": 1000,
        "Positions": [
             [ 40, 500, 40 ]  
        ],
		"Clumped": false,
        "OffsetType": "sphere",
        "Offset": [ 1000.0, 5.0, 1000.0],
        "Velocity": [0.02, 0, 0.02],
        "Deviation": [0.01, 0, 0.01],
        "Colour": [200, 200, 200, 40],
        "Lifetime": {
            "Min": 100000,
            "Max": 200000
        },
        "Scale": 70
    },
	{
        "Name": "The fkin sun",
        "Type": "skid",
        "Amount": 100,
        "Interval": 1,
        "Positions": [
             [ 0, 2300, 0 ]  
        ],
        "OffsetType": "none",
        "Colour": [200, 150, 75, 255],
        "Lifetime": {
            "Min": 550,
            "Max": 500
        },
        "Scale": 100
    }
	],

	"AmbienceSound":
	[
		{
			"Type": "wind",
			"Steps":
			[
				{
					"Altitude": 0,
					"Volume": 0.6
				}
			]
		},
		{
			"Type": "jungle",
			"Steps":
			[
				{
					"Altitude": 5,
					"Volume": 0.05
				}
			]
		}
	],
	"Reverb":
	{
		"MaxRoomSize": 15000,
        "MinIndoor": "paddedcell",
        "MaxIndoor": "cave",
		"Outdoor": "forest"
    },

	"TeamSpawns": [
		{
			"GameMode": "brk",
			"Team": 0,
			"Type": "box",
			"Min": [ 0, 0, 88 ],
			"Max": [ 80, 150, 168 ],  
			"SearchTopDown": true
		  },
		  {
			"GameMode": "brk",
			"Team": 1,
			"Type": "box",
			"Min": [ 88, 0, 176 ],
			"Max": [ 168, 150, 256 ], 
			"SearchTopDown": true
		  },
		{
			"GameMode": "ctf",
			"Team": 1,
			"Type": "box",
			"Min": [224, 0, 53],
			"Max": [250, 256, 91],
			"SearchTopDown": true
		},
		{
			"GameMode": "ctf",
			"Team": 0,
			"Type": "box",
			"Min": [53, 0, 224],
			"Max": [91, 256, 250],
			"SearchTopDown": true
		},	
		{
			"GameMode": "esc",
			"Team": 1,
			"Type": "box",
			"Min": [224, 0, 53],
			"Max": [250, 256, 91],
			"SearchTopDown": true
		},
		{
			"GameMode": "esc",
			"Team": 0,
			"Type": "box",
			"Min": [53, 0, 224],
			"Max": [91, 256, 250],
			"SearchTopDown": true
		},		
		{
			"Team": 0,
			"Type": "free",
			"Radius": 100,
			"SearchTopDown": false
		},
		{
			"Team": 1,
			"Type": "free",
			"Radius": 100,
			"SearchTopDown": false
		}

	],
	"SpawnCamera0":
	{
		"Type": "pan",
		"Yaw": 3.14,
		"Pitch": 0,
		"Position": [ 0, 500, 0]
	},
	"SpawnCamera1":
	{
		"Type": "pan",
		"Yaw": 0,
		"Pitch": 0,
		"Position": [ 0, 500, 0]
	},
	"FlagSpawns": [
		{
			"Team": 1,
			"Position": [ 200, 33, 35 ]
		},
		{
			"Team": 0,
			"Position": [ 35, 10, 200 ]
		}
	],
	
	"LinearZones": [
		{
		  "Type": "box",
		  "Min": [ 0, 0, 0 ],
		  "Max": [ 80, 150, 80 ]   
		},
		{
		  "Type": "box",
		  "Min": [ 88, 0, 0 ],
		  "Max": [ 168, 150, 80 ] 
		},
		{
		  "Type": "box",
		  "Min": [ 176, 0, 0 ],
		  "Max": [ 256, 150, 80 ]  
		},
		{
		  "Type": "box",
		  "Min": [ 176, 0, 88 ],
		  "Max": [ 256, 150, 168 ]  
		},
		{
		  "Type": "box",
		  "Min": [ 176, 0, 176 ],
		  "Max": [ 256, 150, 256 ] 
		}
	  ],
	"InvincibleMin": [ -1, 0, -1 ],
	"BlockTexturesV2":
	[
		{
			"Note": "Terrain rock",
			"Index": 1,
			"Name": "dirt",
			"HSL": [ 0, -1, 0 ],
			"Size": 4,
			"Armour": -70,
			"Health": 128
		},
		{
			"Note": "Terrain dirt",
			"Index": 2,
			"Name": "mud",
			"HSL": [ 0, 0.1, -0.05 ],
			"Armour": -19,
			"Health": 24
		},
		{
			"Note": "Terrain grass",
			"Index": 3,
			"Name": "leaflong",
			"HSL": [ 0.02, -0.15, -0.03 ],
			"Size": 2,
			"Armour": -19,
			"Health": 24
		},
		{
			"Index": 55,
			"HSL": [0.15, 1, 1]
		},


		{
			"Note": "Droppod marker",
			"Index": 8,
			"Name": "panel",
			"HSL": [ 0, 1, 0 ],
			"Size": 1
		},


		{
			"Note": "Trees bark",
			"Index": 9,
			"Name": "treemoss",
			"Size": 2,
			"Health": 12,
			"Armour": 4
		},
		{
			"Note": "Trees leaves",
			"Index": 10,
			"Name": "leaffat",
			"Size": 2,
			"Bloom": 0.08,
			"HSL": [ -0.02, 0, -0.05 ],
			"Armour": -3,
			"Health": 2
		},
		{
			"Index": 41,
			"Name": "brickold",
			"Armour": 1,
			"Health": 1,
			"HSL": [ 0, 0, -0.1 ]
		},
		{
			"Index": 42,
			"Name": "woodoutdoor",
			"Armour": 1,
			"Health": 1,
			"HSL": [ 0, 0, -0.1 ]
		},
		{
			"Index": 44,
			"Name": "brick",
			"Armour": 1,
			"Health": 12
		},
		{
			"Index": 43,
			"Name": "metalagaman",
			"Armour": 1,
			"Health": 12
		}
		,
		{
			"Index": 49,
			"Name": "snow",
			"Armour": 1,
			"Health": 12
		}
		,
		{
			"Index": 50,
			"Name": "cloth",
			"Armour": 1,
			"Health": 12
		}
		,
		{
			"Index": 51,
			"Name": "rockcolour",
			"Armour": 1,
			"Health": 12
		}
		,
		{
			"Index": 52,
			"Name": "skinhuman",
			"Armour": 1,
			"Health": 32
		}
		,
		{
			"Index": 53,
			"Name": "trial",
			"Armour": 1,
			"Health": 32
		}
		,
		{
			"Index": 54,
			"Name": "marbledark",
			"Armour": 1,
			"Health": 10
		},
		{
            "Index": 186,
            "Attributes": "invincible",
            "RushIndex": true,
			"Name": "brickold",
			"Armour": 1,
			"Health": 1,
			"HSL": [ 0, 0, -0.1 ]
        }
		
	],
	"RushStages":	
	[
		{	
			"Areas":	
			[
				{
					"Name": "Stage 1, area 1",
					"Positions": [		
						[ 109, 15, 227 ]						
					]
				},
				{
					"Name": "Stage 1, area 2",
					"Positions": [
						[ 90, 17, 114 ]
					]
				}
			],
			"SpawnReference": [ 0, 0 ]		
		},
		{	
			"Areas":
			[
				{
					"Name": "Stage 2, area 1",
					"Positions": [
						[ 193, 12, 244 ]
					]
				},
				{
					"Name": "Stage 2, area 2",
					"Positions": [
						[ 181, 22, 176 ]
					]
				}
			],
			"SpawnReference": [ 0, 0]
		},
		{	
			"Areas":
			[
				{
					"Name": "Stage 3, area 1",
					"Positions": [
						[ 111, 22, 88 ]
					]

				},
				{
					"Name": "Stage 3, area 2",
					"Positions": [
						[ 27, 32, 39]
					]
				}
			],
			"SpawnReference": [ -500, 0]
		},
		{	
			"Areas":
			[
				{
					"Name": "Stage 4, area 1",
					"Positions": [
						[ 118, 25, 21 ]
					]
				},
				{
					"Name": "Stage 4, area 2",
					"Positions": [
						[ 185, 3, 112 ]
					]
				}
			],
			"SpawnReference": [ 0, 0]
		},
		{	
			"Areas":
			[
				{
					"Name": "Stage 5, area 1",
					"Positions": [
						[ 241, 33, 86 ]
					]
				},
				{
					"Name": "Stage 5, area 2",
					"Positions": [
						[ 194, 34, 4 ]
					]
				}
			],
			"SpawnReference": [ 0, 0]
		}
	]
}