{
	"Name": "Corahk Canyon (Stage 1)",
	"Description": "Competitive Rush Stage 1 for tournaments",
	"Allegiance": "corahk",
	"MapSize": [ 512, 96, 480 ],

	"WorldEdgeIndex": 19,
	"WorldFloorIndex": 19,

	"SkyboxType": "IS",
	"SkyboxRotation": [ 0, 0.7 ],
	
	"WaterColour": [ 67, 110, 130 ],

	"FogColour": [ 71, 172, 148 ],

	"SunColour": [ 102, 141, 118 ],
	"SunRotation": [ 0.75, 2.4915926535897932 ],

	"AmbienceSound":
	[
		{
			"Type": "ice",
			"Steps":
			[
				{
					"Altitude": 0,
					"Volume": 1
				}
			]
		}
	],
	"UnderwaterSound": "underwatercold",

	"InvincibleMin": [-1, 0, -1],

	"MinimapBrightness": 1.5,
	"MinimapBackgroundColour": [ 112, 151, 159 ],	
	"HeightmapTop": 73,
	"HeightmapBottom": 11,

	"MinSpawnHeight": 12,
	"MaxSpawnHeight": 51,
	"MinCutoffHeight": 47.5,
	
	"HasFallingSnow": true,
	"FallingSnowColour": [ 255, 255, 255, 0],

	"Reverb":
	{
		"MaxRoomSize": 35000,
		"MinIndoor": "paddedcell",
		"MaxIndoor": "castle_hall",
		"Outdoor": "mountains"
	},

	"SpawnCamera0":
	{
		"Yaw": -1.5707963267948966
	},

	"SpawnCamera1":
	{
		"Yaw": 1.5707963267948966
	},

	"TeamSpawns":
	[
		{
			"GameMode": "all",
			"Team": 0,
			"Type": "free",
			"Radius": 30
		},
		{
			"GameMode": "all",
			"Team": 1,
			"Type": "free",
			"Radius": 30
		}
	],

	"RushStages":
	[
		{
			"Areas":
			[
				{
					"Name": "Building",
					"Positions": [
						[ 322, 36, 111 ]
					]
				},
				{
					"Name": "Ice shards",
					"Positions": [
						[ 322, 41, 58 ]
					]
				}
			],
			"SpawnReference": [ 510, 115 ]
		}	
	],

	"BlockTexturesV2":
	[
		{
			"Index": 9,
			"Attributes": "transparent conductor",
			"RGB": [ 153, 204, 255 ]
		},
		{
			"Index": 10,
			"Name": "ice",
			"Attributes": "ice"
		},
		{
			"Index": 11,
			"RushIndex": true,
			"Name": "girder",
			"Size": 3,
			"HSL": [0, 0, 0.25]
		},
		{
			"Index": 17,
			"Name": "rock"
		},
		{
			"Index": 18,
			"Name": "snow",
			"HSL": [0, 0, -0.15]
		},
		{
			"Index": 26,
			"Name": "panel"
		},
		{
			"Index": 28,
			"Name": "concrete",
			"HSL": [0, 0, -0.15]
		},
		{
			"Index": 29,
			"Name": "pipe",
			"Armour": 2
		},
		{
			"Index": 30,
			"Name": "panel",
			"HSL": [0, 0, -0.15]
		},
		{
			"Index": 32,
			"Name": "girder",
			"Armour": 2
		},
		{
			"Note": "red",
			"Index": 54,
			"RGB": [255, 0, 0],
			"Bloom": 1
		},
		{
			"Note": "light blue",
			"Index": 55,
			"HSL": [0.55, 0.6, 1],
			"Bloom": 1
		},
		{
			"Note": "soltrium",
			"Index": 56,			
			"RGB": [0, 178, 244],
			"Bloom": 1
		},
		{
			"Note": "green",
			"Index": 57,			
			"RGB": [0, 255, 0],
			"Bloom": 1
		},
		{
			"Note": "red light",
			"Index": 62,			
			"RGB": [255, 0, 0],
			"Attributes": "light-on",
			"Bloom": 1
		},
		{
			"Note": "light blue light",
			"Index": 63,			
			"HSL": [0.55, 0.6, 1],
			"Attributes": "light-on",
			"Bloom": 1
		}
	]
}