{
	"Name": "Corahk Wasteland",
	"Description": "Flat and desolate snow plains in the unexplored regions of NYX-03\nCreated by: RainlessSky",
	"Allegiance": "corahk",
	"MapSize": [ 256, 96, 512 ],

	"SkyboxType": "IS",
	"SkyboxRotation": [ 0, 0.7 ],
	"SkyboxVerticalOffset": 0,
	
	"WaterLevel": 5,
	"WaterColour": [ 10, 55, 60 ],

	"FogColour": [ 71, 172, 148 ],

	"SunColour": [ 100, 120, 240 ],
	"SunDiffuseStrength": 0.00025,
	"BlockBrightness": 1.2,
	"Brightness": 0.8,
	"SunRotation": [ 0.75, 2.4915926535897932 ],

	"AmbienceSound":
	[
		{
			"Type": "ice",
			"Steps":
			[
				{
					"Altitude": 0,
					"Volume": 1
				}
			]
		}
	],
	"UnderwaterSound": "underwatercold",

	"InvincibleMin": [-1, 0, -1],

	"MinimapBrightness": 2,
	"MinimapBackgroundColour": [ 112, 151, 159 ],	
	"HeightmapTop": 73,
	"HeightmapBottom": 11,

	"MinSpawnHeight": 12,
	"MaxSpawnHeight": 51,
	"MinCutoffHeight": 47.5,

	"HasFallingSnow": true,
	"FallingSnowColour": [ 255, 255, 255 ],

	"Reverb":
	{
		"MaxRoomSize": 35000,
		"MinIndoor": "paddedcell",
		"MaxIndoor": "castle_hall",
		"Outdoor": "mountains"
	},

	"SpawnCamera0":
	{
		"Yaw": 0
	},

	"SpawnCamera1":
	{
		"Yaw": 3.1415926535897931
	}, 	

	"TeamSpawns":
	[
		{
			"GameMode": "all",
			"Team": 0,
			"Type": "box",
			"Min": [ 0, 0, 0 ],
			"Max": [ 256, 96, 128 ]
		},
		{
			"GameMode": "all",
			"Team": 1,
			"Type": "box",
			"Min": [ 0, 0, 384 ],
			"Max": [ 256, 96, 512 ]
		},

		{
			"GameMode": "brk",
			"Team": 0,
			"Type": "box",
			"Min": [ 0, 0, 0 ],
			"Max": [ 256, 96, 128 ]
		},
		{
			"GameMode": "brk",
			"Team": 1,
			"Type": "box",
			"Min": [ 0, 0, 384 ],
			"Max": [ 256, 96, 512 ]
		}
	],
	"LinearZones": [
	{
		"Type": "box",
		"Min": [ 0, 17, 384 ],
		"Max": [ 256, 96, 471 ]
	},
	{
		"Type": "box",
		"Min": [ 0, 17, 40 ],
		"Max": [ 256, 96, 127 ]
	},
	{
		"Type": "box",
		"Min": [ 0, 21, 203 ],
		"Max": [ 255, 96, 308 ]
	}
],
"FlagSpawns": [
	{
		"Team": 0,
		"Position": [ 128, 19, 42 ]
	},
	{
		"Team": 1,
		"Position": [ 128, 19, 470 ]
	}
],

	"BlockTexturesV2":
	[
		{
			"Index": 9,
			"Attributes": "transparent conductor",
			"RGB": [ 153, 204, 255 ]
		},
		{
			"Index": 10,
			"Name": "ice",
			"Attributes": "ice"
		},
		{
			"Index": 11,
			"RushIndex": true,
			"Name": "girder",
			"Size": 3,
			"HSL": [0, 0, 0.25]
		},
		{
			"Index": 17,
			"Name": "rock"
		},
		{
			"Index": 18,
			"Name": "snow",
			"Size": 6,
			"Health": 2
		},
		{
			"Index": 26,
			"Name": "panel"
		},
		{
			"Index": 27,
			"Name": "metallightagaman",
			"Size": 6,
			"Health": 12,
			"HSL": [0, 0, 0.1]
		},
		{
			"Index": 28,
			"Name": "concrete",
			"HSL": [0, 0, -0.15]
		},
		{
			"Index": 29,
			"Name": "pipe",
			"Armour": 2
		},
		{
			"Index": 30,
			"Name": "panel",
			"HSL": [0, 0, -0.15]
		},
		{
			"Index": 32,
			"Name": "girder",
			"Armour": 2
		},
		{
			"Index": 33,
			"Name": "tree",
			"Size": 2
		},
		{
			"Note": "red",
			"Index": 54,
			"RGB": [255, 0, 0],
			"Bloom": 1
		},
		{
			"Note": "light blue",
			"Index": 55,
			"HSL": [0.55, 0.6, 1],
			"Bloom": 1
		},
		{
			"Note": "soltrium",
			"Index": 56,			
			"RGB": [0, 178, 244],
			"Health": 0, 
			"Bloom": 1
		},
		{
			"Note": "green",
			"Index": 57,			
			"RGB": [0, 255, 0],
			"Bloom": 1
		},
		{
			"Note": "red light",
			"Index": 62,			
			"RGB": [255, 0, 0],
			"Attributes": "light-on",
			"Bloom": 1
		},
		{
			"Note": "light blue light",
			"Index": 63,			
			"HSL": [0.55, 0.6, 1],
			"Attributes": "light-on",
			"Bloom": 1
		},
		{
			"Index": 73	,
			"Name": "leaffat"
		}
	]
}