{
	"Name": "Underground",
	"Allegiance": "terra",
	"Description": "[Concept Map] Underground CTF/escort map \n\ntags:GAMEMODE:CTF, GAMEMODE:ESC",
	"MapSize": [ 160, 64, 160 ],

	"CustomSkyboxColour": true,
    "HorizonColour": [
        180,
        220,
        255,
        0
    ],
    "TopColour": [
        70,
        110,
        170,
        0
    ],

	"SunColour": [ 255, 248, 185 ],
	"SunDiffuseStrength": 0.0003,
	"SunDistance": 1,
	"SunRotation": [ 1.15, 2.17 ],
	"CrepuscularThresholdOverride": 0.9,
	"CrepuscularStartHeight": 0.8,

	"RenderDistance": 180,
	"RenderDistanceSpawn": 180,
	"FogColour": [ 160, 180, 216 ],


	"HeightmapTop": 64,
	"HeightmapBottom": 1,
	"MinimapBrightness": 6	,
	"MinimapAltitudeCutOff": 128,

	"AmbienceSound":
	[
		{
			"Type": "wind",
			"Steps":
			[
				{
					"Altitude": 0,
					"Volume": 0.6
				}
			]
		},
		{
			"Type": "jungle",
			"Steps":
			[
				{
					"Altitude": 5,
					"Volume": 0.05
				}
			]
		}
	],
	"Reverb":
	{
		"MaxRoomSize": 15000,
        "MinIndoor": "paddedcell",
        "MaxIndoor": "cave",
		"Outdoor": "forest"
    },

	"TeamSpawns": [
		{
			"GameMode": "ctf",
			"Team": 1,
			"Type": "box",
			"Min": [0, 29, 0],
			"Max": [24, 40, 24],
			"SearchTopDown": false,
			"Indoors": true
		},
		{
			"GameMode": "ctf",
			"Team": 0,
			"Type": "box",
			"Min": [135, 29, 135],
			"Max": [159, 40, 159],
			"SearchTopDown": false,
			"Indoors": true
		},
		{
			"GameMode": "esc",
			"Team": 1,
			"Type": "box",
			"Min": [0, 29, 0],
			"Max": [24, 40, 24],
			"SearchTopDown": false,
			"Indoors": true
		},
		{
			"GameMode": "esc",
			"Team": 0,
			"Type": "box",
			"Min": [135, 29, 135],
			"Max": [159, 40, 159],
			"SearchTopDown": false,
			"Indoors": true
		}

	],
	"FlagSpawns": [
		{
			"Team": 1,
			"Position": [ 5, 29, 49 ]
		},
		{
			"Team": 0,
			"Position": [ 154, 29, 120 ]
		}
	],
	"InvincibleMin": [ -1, 0, -1 ],
	"BlockTexturesV2":
	[
		{
			"Note": "Terrain dirt",
			"Index": 2,
			"Name": "mud",
			"HSL": [ 0, 0.1, 0.5 ],
			"Armour": -19,
			"Health": 24
		},
		{
			"Index": 3,
			"Name": "cloth",
			"HSL": [ 0.6, 0.5, 1 ],
			"Armour": -19,
			"Health": 24
		},
		{
			"Index": 4,
			"Name": "cloth",
			"HSL": [ 0.05, 0.5, 1 ],
			"Armour": -19,
			"Health": 24
		}
	]
}