{
	"Name": "Dust Arena A",
	"Allegiance": "aegis",
	"Description": "Cool map\nCreated by: fredanie\n\ntags: GAMEMODE:FFA, GAMEMODE:TDM, GAMEMODE:STA, GAMEMODE:GG",
	"MapSize": [ 96, 32, 160 ],
	"SkyboxType": "ad",
	"HeightmapBottom": 0,

	"TeamSpawns": [
		{
			"GameMode": "sta",
			"Type": "box",
			"Team": 0,
			"Min": [ 84, 20, 1 ],
			"Max": [ 95, 23, 7 ],
			"SearchTopDown": true
		},
		{
			"GameMode": "sta",
			"Type": "box",
			"Team": 1,
			"Min": [ 0, 20, 152 ],
			"Max": [ 12, 25, 158 ],
			"SearchTopDown": true
		}	
		,
		{
			"Type": "box",
			"Team": 1,
			"Min": [ 0, 0, 0 ],
			"Max": [ 96, 25, 160 ],
			"SearchTopDown": false
		}	
		,
		{
			"Type": "box",
			"Team": 0,
			"Min": [ 0, 0, 0 ],
			"Max": [ 96, 25, 160 ],
			"SearchTopDown": false
		}	
	],

	"InvincibleMin": [-1, 1, -1],
	"BlockTexturesV2":
	[
		{
			"Index": 1,
			"Name": "brick",
            "Attributes":"invincible",
			"RushIndex":true
		}
        ,
        {
			"Index": 2,
			"Name": "concretecolour",
            "Attributes":"invincible"
        }
        ,
        {
            "Index": 3,
            "Name": "crategrey",
            "Offset": [ 3, 3, -1 ]
        }
        ,
        {
			"Index": 4,
			"Name": "sand"
        }
		,
        {
			"Index": 5,
			"Name": "woodoutdoor",
            "Attributes":"invincible"
        }
		,
        {
			"Index": 6,
			"Name": "woodoutdoor"
        }
		,
		{
			"Index": 9,
			"Name": "brick"
		}
		,
		{
			"Index": 10,
			"Name": "brick",
			"HSL": [0, -1, -0.27]
		}
		,
		{
			"Index": 11,
			"Name": "cloth",
			"HSL": [0, -0.25, 0.19]
		}
		,
		{
			"Index": 12,
			"Name": "cloth",
			"HSL": [0.26, -0.25, 0.19]
		}
		,
		{
			"Index": 13,
			"Name": "cloth",
			"HSL": [-0.45, -0.25, 0.19]
		}
		,
		{
			"Index": 14,
			"Name": "brick",
			"HSL": [0, 0, -0.18]
		}   
		,
		{
			"Index": 15,
			"Name": "brickold",
			"HSL": [0, 0, 0.18]
		}   
		,
		{
			"Index": 41,
			"Name": "crategrey",
			"Offset": [ 2, 2, -1 ]
		},
		{
			"Index": 55,
			"Name": "crategrey",
			"Offset": [ 2, 3, 2 ]
		},
		{
			"Index": 56,
			"Size": 4,
			"Name": "crategrey",
			"Offset": [ 3, 2, 0 ]
		},
		{
			"Index": 57,
			"Size": 1,
			"Name": "crategrey"
		},
		{
			"Index": 58,
			"Name": "brickold",
			"HSL": [0.01, 0.2, 0.30]
		}      
	]
}