{
	"Name": "Lava Arena C",
	"Description": "Burny Arena\nCreated by: RainlessSky",
	"MapSize": [ 96, 256, 160 ],

	"SkyboxRotation": [ 0.4, 2.3562 ],

	"SunColour": [ 105, 70, 42 ],
	"SunRotation": [ 1.15, 2.17 ],
	
	"MinimapBrightness": 4,
	"MinimapBackgroundColour": [ 53, 56, 52 ],
	"HeightmapTop": 96,
	"HeightmapBottom": 1,
	
	"TeamSpawns":
	[
		{
			"GameMode": "sta",
			"Type": "box",
			"Team": 0,
			"Min": [ 0, 0, 0 ],
			"Max": [ 96, 256, 32 ]
		},
		{
			"GameMode": "sta",
			"Type": "box",
			"Team": 1,
			"Min": [ 0, 0, 128 ],
			"Max": [ 96, 256, 160 ]
		},		
		{
			"Team": 0,
			"Type": "free",
			"Radius": 100,
			"SearchTopDown": false
		},
		{
			"Team": 1,
			"Type": "free",
			"Radius": 100,
			"SearchTopDown": false
		}
	],

	"BlockTexturesV2":
	[
		{
			"Note": "Invincible floor",
			"Index": 9,
			"Name": "lava",
			"Attributes": "invincible",
			"Damage": 1
		},
		{
			"Note": "Metal pillars",
			"Index": 10,
			"Name": "panel",
			"Health": 255
		},
		{
			"Note": "Weak metal pillars",
			"Index": 11,
			"Name": "trialcross",
			"HSL": [ 0, 0, -0.78 ],
			"Size": 4,
			"Health": 0
		},
		{
			"Index": 17,
			"Name": "sand"
		},
		{
			"Index": 18,
			"Name": "rock"
		},
		{
			"Index": 20,
			"Name": "floorclassic"
		},
		{
			"Index": 21,
			"Name": "panel"
		},
		{
			"Index": 22,
			"Name": "girder"
		}
	]
}