{
	"Name": "Japan",
	"Description": "Map inspired by japanese architecture, by fredanie2005\n\ntags: GAMEMODE:BRK, GAMEMODE:CS, GAMEMODE:CTF, GAMEMODE:ESC, GAMEMODE:RUSH, GAMEMODE:FFA, GAMEMODE:TDM, GAMEMODE:GG\n\n",

	"MapSize": [ 256, 192, 768 ],
	"SkyboxType": "is",
    "WaterLevel": 39.8,
	"InvincibleMin": [-1, 1, -1],
	"WaterColour": [90,188,216],
	"HasFallingSnow": true,
	"FallingSnowColour": [ 255, 255, 255, 255],
	"AmbienceSound": [
    {
        "Type": "ice",
        "Steps": [
            {
                "Altitude": 0,
                "Volume": 0.3
            }
        ]
    }
],

	"BlockTextures":
	[
		{
			"Index": 1,
			"Name": "mud"
		},
		{
			"Index": 3,
			"Name": "snow"
		},
		{
			"Index": 4,
			"Name": "rock"
		},
		{
			"Index": 31,
			"Name": "rock",
			"HSL": [0, 0, -0.9]
		},
		{
			"Index": 5,
			"Name": "leaffat",
			"HSL": [0.65, -0.5, 0.3]
		},
		{
			"Index": 6,
			"Name": "leaffat",
			"HSL": [0.65, -0.6, 0.3]
		},
		{
			"Index": 7,
			"Name": "leaffat",
			"HSL": [0.65, -0.7, 0.3]
		},
		{
			"Index": 9,
			"Name": "leaffat"
		},
		{
			"Index": 8,
			"Name": "tree",
			"HSL": [0, 0, 0],
			"Armour": 3
		},
		{
			"Index": 35,
			"Name": "tree",
			"HSL": [0, 0, -0.3],
			"Armour": 3
		},
		{
			"Index": 14,
			"Name": "metallightagaman",
			"HSL": [0, 1, -0.1],
			"Armour": 10
		},
		{
			"Index": 11,
			"Name": "brick",
			"HSL": [0, -0.5, -0.4]
		},
		{
			"Index": 10,
			"Name": "brick",
			"HSL": [-0.75, 0, -0.42]
		},
		{
			"Index": 36,
			"Name": "concrete",
			"HSL": [0, 0, 0.3]
		},
		{
            "Index": 15,
            "Name": "concrete",
            "Attributes": "invincible",
            "HSL": [0, 0, -0.3],
            "RushIndex": true
        },
		{
			"Index": 25,
			"Name": "marbledark",
			"Attributes": "explosive light-fade light-on",
			"ExplosionRadius": 500,
			"HSL": [0, 0, -0.10],
			"Bloom": 1,
			"Damage": 1
		},
		{
			"Index": 28,
			"HSL": [0, 1, 1],
			"Bloom": 1
		},
		{
			"Index": 41,
			"HSL": [0, 1, 1],
			"Bloom": 1
		},
		{
			"Index": 33,
			"Attributes":"ice",
			"Name": "ice"
		},
		{
			"Index": 34,
			"Attributes":"ice",
			"HSL": [0.4, 0, 0],
			"Name": "ice"
		},
		{
			"Index": 32,
			"HSL": [0.35, 1, 1],
			"Bloom": 1
		},
		{
			"Index": 29,
			"HSL": [0.555, 1, 1],
			"Bloom": 1
		},
		{
			"Index": 12,
			"Name": "woodoutdoor",
			"HSL": [0, 0, 0.30]
		},
		{
			"Index": 13,
			"Name": "woodoutdoor",
			"HSL": [0, 0, -0.12]
		},
		{
			"Index": 26,
			"Name": "marblelight",
			"HSL": [0, 0, 0.3]
		},
		{
			"Index": 27,
			"Attributes": "transparent conductor",
			"RGB": [ 133, 184, 235 ]
		},
		{
			"Index": 2,
			"Name": "grass"
		},
		{
			"Index": 30,
			"Name": "brickold",
			"HSL": [0, 0, -0.9]
		}
	],
	


	"TeamSpawns": [
		{
			"GameMode": "brk",
			"Type": "box",
			"Team": 0,
			"Min": [0, 0, 0],
			"Max": [256, 128, 80],
			"SearchTopDown": true
		},
		{
			"GameMode": "brk",
			"Type": "box",
			"Team": 1,
			"Min": [0, 0, 688],
			"Max": [256, 128, 768],
			"SearchTopDown": true
		},	
		{
			"GameMode": "esc",
			"Type": "box",
			"Team": 0,
			"Min": [0, 0, 0],
			"Max": [256, 128, 154],
			"SearchTopDown": true
		},
		{
			"GameMode": "esc",
			"Type": "box",
			"Team": 1,
			"Min": [0, 0, 600],
			"Max": [256, 128, 768],
			"SearchTopDown": true
		},				
		{
			"GameMode": "ctf",
			"Type": "box",
			"Team": 0,
			"Min": [0, 0, 0],
			"Max": [256, 128, 154],
			"SearchTopDown": true
		},
		{
			"GameMode": "ctf",
			"Type": "box",
			"Team": 1,
			"Min": [0, 0, 600],
			"Max": [256, 128, 768],
			"SearchTopDown": true
		},			
		{
			"Team": 0,
			"Type": "free",
			"Radius": 100,
			"SearchTopDown": false
		},
		{
			"Team": 1,
			"Type": "free",
			"Radius": 100,
			"SearchTopDown": false
		}
	],

	"FlagSpawns": [
		{
			"Team": 0,
			"Position": [ 157, 64, 185 ]
		},
		{
			"Team": 1,
			"Position": [ 65, 64, 561 ]
		}
	],


	"WeaponSpawns":
	[
		{
			"Type": "box",
			"Min": [0, 0, 0],
			"Max": [256, 128, 768]
		}
	],
    "LinearZones": [
        {
            "Type": "box",
            "Min": [ 10, 0, 96 ],
            "Max": [ 246, 150, 166 ]
        },
        {
            "Type": "box",
            "Min": [ 10, 0, 224 ],
            "Max": [ 246, 150, 294 ]
        },
        {
            "Type": "box",
            "Min": [ 10, 0, 352 ],
            "Max": [ 246, 150, 422 ]
        },
        {
            "Type": "box",
            "Min": [ 10, 0, 480 ],
            "Max": [ 246, 150, 550 ]
        },
        {
            "Type": "box",
            "Min": [ 10, 0, 608 ],
            "Max": [ 246, 150, 678 ]
        }
    ],
	"RushStages":	
	[
		{	
			"Areas":	
			[
				{
					"Name": "Stage 1, area 1",
					"Positions": [		
						[ 158, 64, 185 ]						
					]
				},
				{
					"Name": "Stage 1, area 2",
					"Positions": [
						[ 23, 54, 116 ]
					]
				}
			],
			"SpawnReference": [ 0, 0 ]		
		},
		{	
			"Areas":
			[
				{
					"Name": "Stage 2, area 1",
					"Positions": [
						[ 22, 54, 287 ]
					]
				},
				{
					"Name": "Stage 2, area 2",
					"Positions": [
						[ 171, 53, 331 ]
					]
				}
			],
			"SpawnReference": [ 0, 0]
		},
		{	
			"Areas":
			[
				{
					"Name": "Stage 3, area 1",
					"Positions": [
						[ 215, 54, 460]
					]
				},
				{
					"Name": "Stage 3, area 2",
					"Positions": [
						[ 22, 99, 441 ]
					]
				}
			],
			"SpawnReference": [ 0, 0]
		},
		{	
			"Areas":
			[
				{
					"Name": "Stage 4, area 1",
					"Positions": [
						[ 234, 54, 603 ]
					]
				},
				{
					"Name": "Stage 4, area 2",
					"Positions": [
						[ 34, 37, 580 ]
					]
				}
			],
			"SpawnReference": [ 0, 0]
		},
		{	
			"Areas":
			[
				{
					"Name": "Stage 5, area 1",
					"Positions": [
						[ 244, 50, 719 ]
					]
				},
				{
					"Name": "Stage 5, area 2",
					"Positions": [
						[ 58, 144, 681 ]
					]
				}
			],
			"SpawnReference": [ 0, 0]
		}
	]
}