{
	"Name": "Sky Arena A",
	"Allegiance": "nova",
	"Description": "Floaty Arena\nCreated by: RainlessSky",
	"MapSize": [ 96, 256, 160 ],

	"SkyboxType": "lb",
	"SkyboxRotation": [ 0, 0.5 ],
	
	"WaterLevel": 0,
	"WaterColour": [ 58, 58, 45 ],
	
	"FogColour": [ 135, 160, 174 ],

	"SunColour": [ 162, 139, 118 ],	
	"SunRotation": [ 0.2, 0.725 ],

	"AmbienceSound":
	[
		{
			"Type": "wind",
			"Steps":
			[
				{
					"Altitude": 30,
					"Volume": 0.6
				}
			]
		}
	],

	"MinimapBackgroundColour": [30, 24, 26],
	"HeightmapTop": 96,
	"HeightmapBottom": 0,
	"MinimapBrightness": 4,
	"MinimapAltitudeCutOff": 96,
	"HasTransparency": true,

	"FallOffDeadHeight": 20,
	"MinSpawnHeight": 55,
	"TeamSpawns": [
		{
			"GameMode": "sta",
			"Team": 0,
			"Type": "point",
			"Min": [ 38, 59, 22 ],
			"Radius": 3,
			"SearchTopDown": true
		},
		{
			"GameMode": "sta",
			"Team": 1,
			"Type": "point",
			"Min": [ 58, 61, 143 ],
			"Radius": 3,
			"SearchTopDown": true
		},		
		{
			"Team": 0,
			"Type": "free",
			"Radius": 100,
			"SearchTopDown": false
		},
		{
			"Team": 1,
			"Type": "free",
			"Radius": 100,
			"SearchTopDown": false
		}
	],
	"SpawnCamera0": {
		"Yaw": 3.1459
	},
	"SpawnCamera1": {
		"Yaw": 0
	},

	"InvincibleMin": [-1, 21, -1],
	"BlockTexturesV2":
	[
		{
			"Note": "glass",
			"Index": 9,
			"Attributes": "transparent conductor",
			"RGB": [ 153, 204, 255 ]
		},
		{
			"Note": "strong girder",
			"Name": "girder",
			"Index": 10,
			"Health": 30,
			"Armour": 4
		},
		{
			"Note": "Crane, elevator, satellite, railing, window frame",
			"Index": 12,
			"Name": "girder",
			"Armour": 4,
			"Attributes": "floating"
		},
		{
			"Index": 24,
			"Name": "girdercolour",
			"HSL": [0.1125, 1, 0],
			"Armour": 4
		},
		{
			"Index": 25,
			"Name": "concretecolour",
			"HSL": [0.03, -0.07, 0]
		},
		{
			"Index": 28,
			"Name": "panel"
		},
		{
			"Note": "Strong 3x3 'girders' ",
			"Index": 41,
			"Name": "panel",
			"Size": 4,
			"HSL": [0, 0, -0.3],
			"Health": 64
		},
		{
			"Index": 48,
			"Name": "cable"
		},
		{
			"Index": 49,
			"Note": "Invincible",
			"RGBA": [ 40, 255, 255, 245	],
			"Attributes": "floating invincible transparent"
		}
	]
}