{
	"Name": "Corahk Mining Facility (Stage 2)",
	"Description": "Stage 2 for Winter 2024 Tournament",
	"Allegiance": "corahk",
	"MapSize": [ 608, 128, 608 ],

	"WorldEdgeIndex": 19,
	"WorldFloorIndex": 19,

	"SkyboxType": "IS",
	"SkyboxRotation": [ 0, 0.7 ],

	"WaterColour": [ 67, 110, 130 ],

	"FogColour": [ 71, 172, 148 ],

	"SunColour": [ 102, 141, 118 ],
	"SunRotation": [ 0.75, 2.4915926535897932 ],

	"AmbienceSound":
	[
		{
			"Type": "ice",
			"Steps":
			[
				{
					"Altitude": 5,
					"Volume": 1
				}
			]
		},
		{
			"Type": "rumble",
			"Steps":
			[
				{
					"Altitude": 0,
					"Volume": 0.5
				}
			]
		}
	],
	"UnderwaterSound": "underwatercold",

	"InvincibleMin": [-1, 10, -1],
	"FallOffDeadHeight": 8,

	"MinimapBrightness": 1.5,
	"MinimapBackgroundColour": [ 112, 151, 159 ],	
	"HeightmapTop": 96,
	"HeightmapBottom": 11,

	"MinSpawnHeight": 45,
	"MaxSpawnHeight": 64,
	"MinCutoffHeight": 47.5,
	
	"HasFallingSnow": true,
	"HasSnow": true,
	"SnowIndex": 18,
	"FallingSnowColour": [ 255, 255, 255, 0],

	"Reverb":
	{
		"MaxRoomSize": 35000,
		"MinIndoor": "paddedcell",
		"MaxIndoor": "castle_hall",
		"Outdoor": "mountains"
	},

	"SpawnCamera0":
	{
		"Yaw": 1.5707963267948966
	},
	"SpawnCamera1":
	{
		"Yaw": -1.5707963267948966
	},
	"TeamSpawns":
	[
		{
			"GameMode": "all",
			"Team": 0,
			"Type": "free",
			"Radius": 40
		},
		{
			"GameMode": "all",
			"Team": 1,
			"Type": "free",
			"Radius": 40
		}
	],

	"RushStages":
	[
		{
			"Areas":
			[
				{
					"Name": "Far crates",
					"Positions": [
						[ 272, 55, 274 ]
					]
				},
				{
					"Name": "Near crates",
					"Positions": [
						[ 315, 55, 299 ]
					]
				}
			],
			"SpawnReference": [ 510, 115 ]
		}
	],


	"BlockTexturesV2": [
		{
			"Index": 3,
			"Attributes": "transparent conductor",
			"RGB": [ 80, 120, 170 ]
		},
		{
			"Index": 19,
			"Name": "ice",
			"Attributes": "ice"
		},
		{
			"Index": 11,
			"Name": "girder",
			"Size": 3,
			"HSL": [0, 0, 0.25],
			"RushIndex": true
		},
		{
			"Index": 17,
			"Name": "rock"
		},
		{
			"Index": 18,
			"Name": "snow",
			"HSL": [0, 0, -0.15]
		},
		{
			"Index": 25,
			"Name": "girderclassic",
			"Size": 3,
			"HSL": [ 0, 0, 0.07 ],
			"Armour": 2
		},
		{
			"Index": 26,
			"Name": "girderclassic",
			"Size": 3,
			"HSL": [ 0, 0.1, 0.07 ]
		},
		{
			"Index": 28,
			"Name": "concrete",
			"HSL": [0, 0, -0.15]
		},
		{
			"Index": 29,
			"Name": "pipe",
			"Armour": 2
		},
		{
			"Index": 30,
			"Name": "panel"
		},
		{
			"Index": 31,
			"Name": "panel",
			"HSL": [0, 0, -0.1]
		},
		{
			"Index": 32,
			"Name": "girder",
			"Armour": 4
		},
		{
			"Index": 36,
			"Name": "canister"
		},
		{
			"Index": 38,
			"Name": "panel",
			"Size": 8,
			"Offset": [ 8, 0, 0 ],
			"HSL": [ 0, 0, -0.13 ]
		},
		{
			"Index": 40,
			"Name": "girder",
			"Armour": 4,
			"Size": 5
		},
		{
			"Index": 41,
			"Name": "crategrey",
			"Size": 4,
			"Offset": [ 3, 2, -1 ]
		},
		{
			"Index": 42,
			"Name": "crategrey",
			"Size": 4,
			"Offset": [ 2, 1, -1 ]
		},
		{
			"Index": 43,
			"Name": "crategrey",
			"Size": 4,
			"Offset": [ 2, 1, 3 ]
		},
		{
			"Index": 44,
			"Name": "crategrey",
			"Size": 4,
			"Offset": [ 0, 1, 1 ]
		},
		{
			"Index": 45,
			"Name": "crategrey",
			"Size": 4,
			"Offset": [ 2, 0, -1 ]
		},
		{
			"Index": 46,
			"Name": "crategrey",
			"Size": 4,
			"Offset": [ 1, 2, 0 ]
		},
		{
			"Index": 47,
			"Name": "crategrey",
			"Size": 4
		},
		{
			"Index": 48,
			"Name": "crategrey",
			"Size": 4,
			"Offset": [ 1, -1, 1 ]
		},
		{
			"Index": 52,
			"Name": "crategrey",
			"Size": 4,
			"Offset": [ -1, -1, 2 ]
		},
		{
			"Index": 53,
			"Name": "crategrey",
			"Size": 4,
			"Offset": [ 3, 1, 0 ]
		},
		{
			"Index": 54,
			"Name": "crategrey",
			"Size": 4,
			"Offset": [ 2, 1, 0 ]
		},
		{
			"Index": 55,
			"Name": "crategrey",
			"Size": 4,
			"Offset": [ 1, 1, 2 ]
		},
		{
			"Note": "soltrium",
			"Index": 56,			
			"RGB": [0, 178, 244],
			"Bloom": 1.0
		},
		{
			"Note": "green",
			"Index": 57,			
			"RGB": [0, 255, 0],
			"Bloom": 1
		},
		{
			"Note": "light blue",
			"Index": 59,
			"HSL": [0.55, 0.6, 1],
			"Bloom": 1,
			"Attributes": "explosive"
		},
		{
			"Note": "red light",
			"Index": 62,			
			"RGB": [255, 0, 0],
			"Attributes": "light-on",
			"Bloom": 1
		},
		{
			"Note": "light blue light",
			"Index": 63,			
			"HSL": [0.55, 0.6, 1],
			"Attributes": "light-on",
			"Bloom": 1
		},
		{
			"Note": "black",
			"Index": 64,			
			"RGB": [ 0, 0, 0 ]
		},
		{
			"Note": "black",
			"Index": 65,			
			"RGB": [ 0, 0, 0 ]
		},
		{
			"Note": "light blue",
			"Index": 72,
			"RGB": [0, 178, 244],
			"Bloom": 1,
			"Attributes": "explosive"
		}
	]
}