{
	"Name": "Open World 256²",
	"Allegiance": "terra",
	"Description": "Small area for you to touch grass in.\nCreated by: RainlessSky",
	"MapSize": [ 256, 256, 256 ],

	"CustomSkyboxColour": true,
    "HorizonColour": [
        180,
        220,
        255,
        0
    ],
    "TopColour": [
        70,
        110,
        170,
        0
    ],

	"SunColour": [ 255, 248, 185 ],
	"SunDiffuseStrength": 0.0003,
	"SunDistance": 1,
	"SunRotation": [ 1.15, 2.17 ],
	"CrepuscularThresholdOverride": 0.9,
	"CrepuscularStartHeight": 0.8,

	"RenderDistance": 180,
	"RenderDistanceSpawn": 180,
	"FogColour": [ 160, 180, 216 ],

	"WaterLevel": 9.7,
	"WaterColour": [ 60, 80, 100 ],

	"HeightmapTop": 64,
	"HeightmapBottom": 0,
	"MinimapBrightness": 6	,
	"MinimapAltitudeCutOff": 128,

	"Particles": [
    {
        "Name": "Clouds small",
        "Type": "skid",
        "Amount": 3,
        "Interval": 1000,
        "Positions": [
             [ 40, 400, 40 ]  
        ],
		"Clumped": true,
        "OffsetType": "sphere",
        "Offset": [ 1000.0, 5.0, 1000.0],
        "Velocity": [0.02, 0, 0.02],
        "Deviation": [0.01, 0, 0.01],
        "Colour": [200, 200, 200, 40],
        "Lifetime": {
            "Min": 100000,
            "Max": 200000
        },
        "Scale": 20
    },
	{
        "Name": "Clouds large",
        "Type": "skid",
        "Amount": 1,
        "Interval": 1000,
        "Positions": [
             [ 40, 500, 40 ]  
        ],
		"Clumped": false,
        "OffsetType": "sphere",
        "Offset": [ 1000.0, 5.0, 1000.0],
        "Velocity": [0.02, 0, 0.02],
        "Deviation": [0.01, 0, 0.01],
        "Colour": [200, 200, 200, 40],
        "Lifetime": {
            "Min": 100000,
            "Max": 200000
        },
        "Scale": 70
    },
	{
        "Name": "The fkin sun",
        "Type": "skid",
        "Amount": 100,
        "Interval": 1,
        "Positions": [
             [ 0, 2300, 0 ]  
        ],
        "OffsetType": "none",
        "Colour": [200, 150, 75, 255],
        "Lifetime": {
            "Min": 550,
            "Max": 500
        },
        "Scale": 100
    }
	],

	"AmbienceSound":
	[
		{
			"Type": "wind",
			"Steps":
			[
				{
					"Altitude": 0,
					"Volume": 0.6
				}
			]
		},
		{
			"Type": "jungle",
			"Steps":
			[
				{
					"Altitude": 5,
					"Volume": 0.05
				}
			]
		}
	],
	"Reverb":
	{
		"MaxRoomSize": 15000,
        "MinIndoor": "paddedcell",
        "MaxIndoor": "cave",
		"Outdoor": "forest"
    },

	"TeamSpawns": [
		{
			"GameMode": "all",
			"Team": "0",
		  	"Type": "free"
		},
	  	{
			"GameMode": "all",
			"Team": "1",
			"Type": "free"
	  	} 
	],
	"SpawnCamera0":
	{
		"Type": "pan",
		"Yaw": 3.14,
		"Pitch": 0,
		"Position": [ 0, 500, 0]
	},
	"SpawnCamera1":
	{
		"Type": "pan",
		"Yaw": 0,
		"Pitch": 0,
		"Position": [ 0, 500, 0]
	},
	
	"InvincibleMin": [ -1, 0, -1 ],
	"BlockTexturesV2":
	[
		{
			"Note": "Terrain rock",
			"Index": 1,
			"Name": "dirt",
			"HSL": [ 0, -1, 0 ],
			"Size": 4,
			"Armour": -70,
			"Health": 128
		},
		{
			"Note": "Terrain dirt",
			"Index": 2,
			"Name": "mud",
			"HSL": [ 0, 0.1, -0.05 ],
			"Armour": -19,
			"Health": 24
		},
		{
			"Note": "Terrain grass",
			"Index": 3,
			"Name": "leaflong",
			"HSL": [ 0.02, -0.15, -0.03 ],
			"Size": 2,
			"Armour": -19,
			"Health": 24
		},


		{
			"Note": "Droppod marker",
			"Index": 8,
			"Name": "panel",
			"HSL": [ 0, 1, 0 ],
			"Size": 1
		},


		{
			"Note": "Trees bark",
			"Index": 9,
			"Name": "treemoss",
			"Size": 2,
			"Health": 12,
			"Armour": 4
		},
		{
			"Note": "Trees leaves",
			"Index": 10,
			"Name": "leaffat",
			"Size": 2,
			"Bloom": 0.08,
			"HSL": [ -0.02, 0, -0.05 ],
			"Armour": -3,
			"Health": 2
		}
	]
}